{
  "timestamp": "2025-11-23T17:48:51.373343",
  "n_peaks": 131842,
  "n_tissues": 22,
  "seq_len": 3360,
  "auto_seq_len": 3360,
  "max_peak_len": 2954,
  "flank": 200,
  "filters": 128,
  "n_blocks": 8,
  "dropout": 0.15,
  "best_val_loss": 0.6144475936889648,
  "best_val_pearsonR": 0.48432454466819763,
  "test_loss": 0.5214446783065796,
  "test_pearsonR": 0.478336364030838,
  "tissues": [
    "AM_4_5",
    "AM_45d",
    "Callus",
    "Dormant_buds",
    "Leaf_4_5",
    "Leaf_sheath_4_5",
    "Lemma",
    "Palea",
    "Panicle_neck_node",
    "Pistil",
    "Plumule",
    "Radicle",
    "Root_4_5",
    "SAM_30d",
    "SAM_4_5",
    "Seed_3d",
    "Seed_7d",
    "Stem",
    "YP1",
    "YP2",
    "YP3",
    "YP4"
  ],
  "chr_split": {
    "train": 116340,
    "val": 7961,
    "test": 7541
  }
}